id,postcode,service_provider,load_zone
10425,77009,CENTERPOINT,NULL
10426,77388,CENTERPOINT,NULL
10427,77020,CENTERPOINT,NULL
10428,77050,CENTERPOINT,NULL
10429,77396,CENTERPOINT,NULL
10430,77088,CENTERPOINT,NULL
10431,77027,CENTERPOINT,NULL
10432,77063,CENTERPOINT,NULL
10433,77521,CENTERPOINT,NULL
10434,77018,CENTERPOINT,NULL
10435,77070,CENTERPOINT,NULL
10436,77040,CENTERPOINT,NULL
10437,77008,CENTERPOINT,NULL
10438,77469,CENTERPOINT,NULL
10439,77005,CENTERPOINT,NULL
10440,77477,CENTERPOINT,NULL
10441,77373,CENTERPOINT,NULL
10442,77084,CENTERPOINT,NULL
10443,77082,CENTERPOINT,NULL
10444,77541,CENTERPOINT,NULL
10445,77504,CENTERPOINT,NULL
10446,77089,CENTERPOINT,NULL
10447,77571,CENTERPOINT,NULL
10448,77505,CENTERPOINT,NULL
10449,77503,CENTERPOINT,NULL
10450,77506,CENTERPOINT,NULL
10451,77096,CENTERPOINT,NULL
10452,77033,CENTERPOINT,NULL
10453,77054,CENTERPOINT,NULL
10454,77083,CENTERPOINT,NULL
10455,77045,CENTERPOINT,NULL
10456,77479,CENTERPOINT,NULL
10457,77379,CENTERPOINT,NULL
10458,77080,CENTERPOINT,NULL
10459,77539,CENTERPOINT,NULL
10460,77584,CENTERPOINT,NULL
10461,77065,CENTERPOINT,NULL
10462,77355,CENTERPOINT,NULL
10463,77581,CENTERPOINT,NULL
10464,77072,CENTERPOINT,NULL
10465,77362,CENTERPOINT,NULL
10466,77489,CENTERPOINT,NULL
10467,77053,CENTERPOINT,NULL
10468,77502,CENTERPOINT,NULL
10469,77035,CENTERPOINT,NULL
10470,77532,CENTERPOINT,NULL
10471,77012,CENTERPOINT,NULL
10472,77042,CENTERPOINT,NULL
10473,77057,CENTERPOINT,NULL
10474,77036,CENTERPOINT,NULL
10475,77060,CENTERPOINT,NULL
10476,77067,CENTERPOINT,NULL
10477,77014,CENTERPOINT,NULL
10478,77092,CENTERPOINT,NULL
10479,77091,CENTERPOINT,NULL
10480,77068,CENTERPOINT,NULL
10481,77031,CENTERPOINT,NULL
10482,77069,CENTERPOINT,NULL
10483,77077,CENTERPOINT,NULL
10484,77086,CENTERPOINT,NULL
10485,77030,CENTERPOINT,NULL
10486,77061,CENTERPOINT,NULL
10487,77038,CENTERPOINT,NULL
10488,77056,CENTERPOINT,NULL
10489,77017,CENTERPOINT,NULL
10490,77429,CENTERPOINT,NULL
10491,77074,CENTERPOINT,NULL
10492,77075,CENTERPOINT,NULL
10493,77023,CENTERPOINT,NULL
10494,77081,CENTERPOINT,NULL
10495,77003,CENTERPOINT,NULL
10496,77058,CENTERPOINT,NULL
10497,77598,CENTERPOINT,NULL
10498,77047,CENTERPOINT,NULL
10499,77021,CENTERPOINT,NULL
10500,77034,CENTERPOINT,NULL
10501,77449,CENTERPOINT,NULL
10502,77459,CENTERPOINT,NULL
10503,77551,CENTERPOINT,NULL
10504,77375,CENTERPOINT,NULL
10505,77389,CENTERPOINT,NULL
10506,77090,CENTERPOINT,NULL
10507,77493,CENTERPOINT,NULL
10508,77022,CENTERPOINT,NULL
10509,77078,CENTERPOINT,NULL
10510,77550,CENTERPOINT,NULL
10511,77530,CENTERPOINT,NULL
10512,77015,CENTERPOINT,NULL
10513,77028,CENTERPOINT,NULL
10514,77049,CENTERPOINT,NULL
10515,77566,CENTERPOINT,NULL
10516,77354,CENTERPOINT,NULL
10517,77520,CENTERPOINT,NULL
10518,77450,CENTERPOINT,NULL
10519,77338,CENTERPOINT,NULL
10520,77044,CENTERPOINT,NULL
10521,77406,CENTERPOINT,NULL
10522,77407,CENTERPOINT,NULL
10523,77019,CENTERPOINT,NULL
10524,77485,CENTERPOINT,NULL
10525,77583,CENTERPOINT,NULL
10526,77064,CENTERPOINT,NULL
10527,77435,CENTERPOINT,NULL
10528,77025,CENTERPOINT,NULL
10529,77488,CENTERPOINT,NULL
10530,77099,CENTERPOINT,NULL
10531,77048,CENTERPOINT,NULL
10532,77568,CENTERPOINT,NULL
10533,77055,CENTERPOINT,NULL
10534,77004,CENTERPOINT,NULL
10535,77523,CENTERPOINT,NULL
10536,77423,CENTERPOINT,NULL
10537,77433,CENTERPOINT,NULL
10538,77447,CENTERPOINT,NULL
10539,77565,CENTERPOINT,NULL
10540,77578,CENTERPOINT,NULL
10541,77494,CENTERPOINT,NULL
10542,77079,CENTERPOINT,NULL
10543,77382,CENTERPOINT,NULL
10544,77586,CENTERPOINT,NULL
10545,77441,CENTERPOINT,NULL
10546,77346,CENTERPOINT,NULL
10547,77545,CENTERPOINT,NULL
10548,77011,CENTERPOINT,NULL
10549,77365,CENTERPOINT,NULL
10550,77531,CENTERPOINT,NULL
10551,77093,CENTERPOINT,NULL
10552,77029,CENTERPOINT,NULL
10553,77026,CENTERPOINT,NULL
10554,77016,CENTERPOINT,NULL
10555,77037,CENTERPOINT,NULL
10556,77076,CENTERPOINT,NULL
10557,77518,CENTERPOINT,NULL
10558,77471,CENTERPOINT,NULL
10559,77546,CENTERPOINT,NULL
10560,77587,CENTERPOINT,NULL
10561,77087,CENTERPOINT,NULL
10562,77510,CENTERPOINT,NULL
10563,77461,CENTERPOINT,NULL
10564,77032,CENTERPOINT,NULL
10565,77066,CENTERPOINT,NULL
10566,77071,CENTERPOINT,NULL
10567,77073,CENTERPOINT,NULL
10568,77062,CENTERPOINT,NULL
10569,77377,CENTERPOINT,NULL
10570,77007,CENTERPOINT,NULL
10571,77511,CENTERPOINT,NULL
10572,77085,CENTERPOINT,NULL
10573,77051,CENTERPOINT,NULL
10574,77013,CENTERPOINT,NULL
10575,77498,CENTERPOINT,NULL
10576,77386,CENTERPOINT,NULL
10577,77043,CENTERPOINT,NULL
10578,77444,CENTERPOINT,NULL
10579,77059,CENTERPOINT,NULL
10580,77484,CENTERPOINT,NULL
10581,77534,CENTERPOINT,NULL
10582,77336,CENTERPOINT,NULL
10583,77095,CENTERPOINT,NULL
10584,77536,CENTERPOINT,NULL
10585,77098,CENTERPOINT,NULL
10586,77535,CENTERPOINT,NULL
10587,77002,CENTERPOINT,NULL
10588,77039,CENTERPOINT,NULL
10589,77507,CENTERPOINT,NULL
10590,77515,CENTERPOINT,NULL
10591,77401,CENTERPOINT,NULL
10592,77474,CENTERPOINT,NULL
10593,77006,CENTERPOINT,NULL
10594,77430,CENTERPOINT,NULL
10595,77562,CENTERPOINT,NULL
10596,77041,CENTERPOINT,NULL
10597,77339,CENTERPOINT,NULL
10598,77554,CENTERPOINT,NULL
10599,77380,CENTERPOINT,NULL
10600,77577,CENTERPOINT,NULL
10601,77478,CENTERPOINT,NULL
10602,77563,CENTERPOINT,NULL
10603,77420,CENTERPOINT,NULL
10604,77417,CENTERPOINT,NULL
10605,77517,CENTERPOINT,NULL
10606,77024,CENTERPOINT,NULL
10607,76504,ONCOR,NULL
10608,75035,ONCOR,NULL
10609,76501,ONCOR,NULL
10610,76801,ONCOR,NULL
10611,75056,ONCOR,NULL
10612,75119,ONCOR,NULL
10613,75125,ONCOR,NULL
10614,75034,ONCOR,NULL
10615,76065,ONCOR,NULL
10616,76401,ONCOR,NULL
10617,75165,ONCOR,NULL
10618,75090,ONCOR,NULL
10619,75482,ONCOR,NULL
10620,76426,ONCOR,NULL
10621,76023,ONCOR,NULL
10622,75418,ONCOR,NULL
10623,76132,ONCOR,NULL
10624,75234,ONCOR,NULL
10625,75460,ONCOR,NULL
10626,76225,ONCOR,NULL
10627,75081,ONCOR,NULL
10628,75074,ONCOR,NULL
10629,75093,ONCOR,NULL
10630,75149,ONCOR,NULL
10631,75032,ONCOR,NULL
10632,75181,ONCOR,NULL
10633,76248,ONCOR,NULL
10634,76092,ONCOR,NULL
10635,75150,ONCOR,NULL
10636,75063,ONCOR,NULL
10637,75062,ONCOR,NULL
10638,75104,ONCOR,NULL
10639,75160,ONCOR,NULL
10640,75115,ONCOR,NULL
10641,75060,ONCOR,NULL
10642,75061,ONCOR,NULL
10643,75137,ONCOR,NULL
10644,75103,ONCOR,NULL
10645,76710,ONCOR,NULL
10646,76542,ONCOR,NULL
10647,76705,ONCOR,NULL
10648,76643,ONCOR,NULL
10649,76543,ONCOR,NULL
10650,76707,ONCOR,NULL
10651,76541,ONCOR,NULL
10652,76708,ONCOR,NULL
10653,76711,ONCOR,NULL
10654,76574,ONCOR,NULL
10655,76706,ONCOR,NULL
10656,76712,ONCOR,NULL
10657,76704,ONCOR,NULL
10658,78681,ONCOR,NULL
10659,76031,ONCOR,NULL
10660,78664,ONCOR,NULL
10661,78660,ONCOR,NULL
10662,76567,ONCOR,NULL
10663,75704,ONCOR,NULL
10664,75110,ONCOR,NULL
10665,75701,ONCOR,NULL
10666,75703,ONCOR,NULL
10667,75702,ONCOR,NULL
10668,75801,ONCOR,NULL
10669,75901,ONCOR,NULL
10670,75771,ONCOR,NULL
10671,75904,ONCOR,NULL
10672,75209,ONCOR,NULL
10673,75159,ONCOR,NULL
10674,75208,ONCOR,NULL
10675,75223,ONCOR,NULL
10676,75227,ONCOR,NULL
10677,75241,ONCOR,NULL
10678,75215,ONCOR,NULL
10679,75224,ONCOR,NULL
10680,75228,ONCOR,NULL
10681,75214,ONCOR,NULL
10682,75248,ONCOR,NULL
10683,75216,ONCOR,NULL
10684,75204,ONCOR,NULL
10685,75203,ONCOR,NULL
10686,75048,ONCOR,NULL
10687,75252,ONCOR,NULL
10688,75229,ONCOR,NULL
10689,75205,ONCOR,NULL
10690,75217,ONCOR,NULL
10691,75240,ONCOR,NULL
10692,75232,ONCOR,NULL
10693,75218,ONCOR,NULL
10694,75243,ONCOR,NULL
10695,75211,ONCOR,NULL
10696,75212,ONCOR,NULL
10697,75230,ONCOR,NULL
10698,76351,ONCOR,NULL
10699,79720,ONCOR,NULL
10700,79705,ONCOR,NULL
10701,79549,ONCOR,NULL
10702,76448,ONCOR,NULL
10703,79707,ONCOR,NULL
10704,79545,ONCOR,NULL
10705,79701,ONCOR,NULL
10706,76470,ONCOR,NULL
10707,76301,ONCOR,NULL
10708,79556,ONCOR,NULL
10709,76450,ONCOR,NULL
10710,79756,ONCOR,NULL
10711,79764,ONCOR,NULL
10712,79761,ONCOR,NULL
10713,76309,ONCOR,NULL
10714,79765,ONCOR,NULL
10715,76310,ONCOR,NULL
10716,79762,ONCOR,NULL
10717,76306,ONCOR,NULL
10718,79763,ONCOR,NULL
10719,76133,ONCOR,NULL
10720,76117,ONCOR,NULL
10721,76115,ONCOR,NULL
10722,76180,ONCOR,NULL
10723,76118,ONCOR,NULL
10724,76111,ONCOR,NULL
10725,76110,ONCOR,NULL
10726,76011,ONCOR,NULL
10727,76140,ONCOR,NULL
10728,76105,ONCOR,NULL
10729,76063,ONCOR,NULL
10730,76119,ONCOR,NULL
10731,76104,ONCOR,NULL
10732,76120,ONCOR,NULL
10733,76028,ONCOR,NULL
10734,76112,ONCOR,NULL
10735,76148,ONCOR,NULL
10736,76116,ONCOR,NULL
10737,76087,ONCOR,NULL
10738,76108,ONCOR,NULL
10739,76107,ONCOR,NULL
10740,76010,ONCOR,NULL
10741,76016,ONCOR,NULL
10742,76013,ONCOR,NULL
10743,76131,ONCOR,NULL
10744,76012,ONCOR,NULL
10745,75052,ONCOR,NULL
10746,76008,ONCOR,NULL
10747,76017,ONCOR,NULL
10748,76001,ONCOR,NULL
10749,75840,ONCOR,NULL
10750,76106,ONCOR,NULL
10751,76549,ONCOR,NULL
10752,76262,ONCOR,NULL
10753,75098,ONCOR,NULL
10754,75760,ONCOR,NULL
10755,76548,ONCOR,NULL
10756,75126,ONCOR,NULL
10757,76135,ONCOR,NULL
10758,75013,ONCOR,NULL
10759,75070,ONCOR,NULL
10760,76033,ONCOR,NULL
10761,75254,ONCOR,NULL
10762,75156,ONCOR,NULL
10763,76067,ONCOR,NULL
10764,75751,ONCOR,NULL
10765,75941,ONCOR,NULL
10766,76661,ONCOR,NULL
10767,76559,ONCOR,NULL
10768,75949,ONCOR,NULL
10769,76002,ONCOR,NULL
10770,76164,ONCOR,NULL
10771,76103,ONCOR,NULL
10772,75088,ONCOR,NULL
10773,76179,ONCOR,NULL
10774,75706,ONCOR,NULL
10775,76444,ONCOR,NULL
10776,75054,ONCOR,NULL
10777,75411,ONCOR,NULL
10778,75089,ONCOR,NULL
10779,75201,ONCOR,NULL
10780,75043,ONCOR,NULL
10781,75428,ONCOR,NULL
10782,76513,ONCOR,NULL
10783,75069,ONCOR,NULL
10784,75065,ONCOR,NULL
10785,76249,ONCOR,NULL
10786,76085,ONCOR,NULL
10787,75001,ONCOR,NULL
10788,75006,ONCOR,NULL
10789,75023,ONCOR,NULL
10790,75019,ONCOR,NULL
10791,75116,ONCOR,NULL
10792,76021,ONCOR,NULL
10793,75146,ONCOR,NULL
10794,75141,ONCOR,NULL
10795,76522,ONCOR,NULL
10796,75144,ONCOR,NULL
10797,75964,ONCOR,NULL
10798,76520,ONCOR,NULL
10799,78634,ONCOR,NULL
10800,75965,ONCOR,NULL
10801,75163,ONCOR,NULL
10802,75844,ONCOR,NULL
10803,75758,ONCOR,NULL
10804,75980,ONCOR,NULL
10805,75180,ONCOR,NULL
10806,75220,ONCOR,NULL
10807,75287,ONCOR,NULL
10808,75231,ONCOR,NULL
10809,76701,ONCOR,NULL
10810,75244,ONCOR,NULL
10811,75237,ONCOR,NULL
10812,75238,ONCOR,NULL
10813,75087,ONCOR,NULL
10814,75236,ONCOR,NULL
10815,75202,ONCOR,NULL
10816,75219,ONCOR,NULL
10817,78728,ONCOR,NULL
10818,75039,ONCOR,NULL
10819,79714,ONCOR,NULL
10820,76134,ONCOR,NULL
10821,76123,ONCOR,NULL
10822,76114,ONCOR,NULL
10823,76308,ONCOR,NULL
10824,76006,ONCOR,NULL
10825,75050,ONCOR,NULL
10826,76020,ONCOR,NULL
10827,75969,ONCOR,NULL
10828,76126,ONCOR,NULL
10829,75210,ONCOR,NULL
10830,75766,ONCOR,NULL
10831,75757,ONCOR,NULL
10832,75925,ONCOR,NULL
10833,76635,ONCOR,NULL
10834,76642,ONCOR,NULL
10835,76577,ONCOR,NULL
10836,76244,ONCOR,NULL
10837,79706,ONCOR,NULL
10838,76208,ONCOR,NULL
10839,76036,ONCOR,NULL
10840,75785,ONCOR,NULL
10841,75002,ONCOR,NULL
10842,75078,ONCOR,NULL
10843,75076,ONCOR,NULL
10844,75007,ONCOR,NULL
10845,79731,ONCOR,NULL
10846,75071,ONCOR,NULL
10847,75092,ONCOR,NULL
10848,75169,ONCOR,NULL
10849,75025,ONCOR,NULL
10850,75051,ONCOR,NULL
10851,75253,ONCOR,NULL
10852,75075,ONCOR,NULL
10853,78626,ONCOR,NULL
10854,79766,ONCOR,NULL
10855,75442,ONCOR,NULL
10856,79748,ONCOR,NULL
10857,79511,ONCOR,NULL
10858,75754,ONCOR,NULL
10859,76051,ONCOR,NULL
10860,75423,ONCOR,NULL
10861,76086,ONCOR,NULL
10862,78665,ONCOR,NULL
10863,76052,ONCOR,NULL
10864,79770,ONCOR,NULL
10865,75109,ONCOR,NULL
10866,75189,ONCOR,NULL
10867,75147,ONCOR,NULL
10868,76005,ONCOR,NULL
10869,75454,ONCOR,NULL
10870,76082,ONCOR,NULL
10871,78621,ONCOR,NULL
10872,75010,ONCOR,NULL
10873,75154,ONCOR,NULL
10874,76234,ONCOR,NULL
10875,76571,ONCOR,NULL
10876,75763,ONCOR,NULL
10877,76302,ONCOR,NULL
10878,76537,ONCOR,NULL
10879,75407,ONCOR,NULL
10880,75705,ONCOR,NULL
10881,76210,ONCOR,NULL
10882,75708,ONCOR,NULL
10883,76530,ONCOR,NULL
10884,75042,ONCOR,NULL
10885,76462,ONCOR,NULL
10886,76825,ONCOR,NULL
10887,75473,ONCOR,NULL
10888,76487,ONCOR,NULL
10889,75462,ONCOR,NULL
10890,75762,ONCOR,NULL
10891,76557,ONCOR,NULL
10892,76655,ONCOR,NULL
10893,75752,ONCOR,NULL
10894,75707,ONCOR,NULL
10895,75206,ONCOR,NULL
10896,75432,ONCOR,NULL
10897,75024,ONCOR,NULL
10898,75021,ONCOR,NULL
10899,79782,ONCOR,NULL
10900,76109,ONCOR,NULL
10901,76554,ONCOR,NULL
10902,76088,ONCOR,NULL
10903,76078,ONCOR,NULL
10904,75022,ONCOR,NULL
10905,75082,ONCOR,NULL
10906,75044,ONCOR,NULL
10907,76034,ONCOR,NULL
10908,76039,ONCOR,NULL
10909,75142,ONCOR,NULL
10910,75172,ONCOR,NULL
10911,76645,ONCOR,NULL
10912,76691,ONCOR,NULL
10913,78674,ONCOR,NULL
10914,75961,ONCOR,NULL
10915,76058,ONCOR,NULL
10916,75835,ONCOR,NULL
10917,75249,ONCOR,NULL
10918,75226,ONCOR,NULL
10919,76360,ONCOR,NULL
10920,79703,ONCOR,NULL
10921,76053,ONCOR,NULL
10922,76102,ONCOR,NULL
10923,76018,ONCOR,NULL
10924,76137,ONCOR,NULL
10925,76015,ONCOR,NULL
10926,75750,ONCOR,NULL
10927,76014,ONCOR,NULL
10928,76060,ONCOR,NULL
10929,76240,ONCOR,NULL
10930,75860,ONCOR,NULL
10931,75134,ONCOR,NULL
10932,76667,ONCOR,NULL
10933,76182,ONCOR,NULL
10934,75492,ONCOR,NULL
10935,76502,ONCOR,NULL
10936,76579,ONCOR,NULL
10937,76449,ONCOR,NULL
10938,75041,ONCOR,NULL
10939,76022,ONCOR,NULL
10940,75038,ONCOR,NULL
10941,75124,ONCOR,NULL
10942,75709,ONCOR,NULL
10943,75225,ONCOR,NULL
10944,75233,ONCOR,NULL
10945,75684,ONCOR,NULL
10946,75789,ONCOR,NULL
10947,75803,ONCOR,NULL
10948,76657,ONCOR,NULL
10949,75831,ONCOR,NULL
10950,75756,ONCOR,NULL
10951,76570,ONCOR,NULL
10952,76250,ONCOR,NULL
10953,76354,ONCOR,NULL
10954,75846,ONCOR,NULL
10955,79512,ONCOR,NULL
10956,75020,ONCOR,NULL
10957,75068,ONCOR,NULL
10958,75080,ONCOR,NULL
10959,76155,ONCOR,NULL
10960,76578,ONCOR,NULL
10961,75182,ONCOR,NULL
10962,76827,ONCOR,NULL
10963,79738,ONCOR,NULL
10964,76802,ONCOR,NULL
10965,75167,ONCOR,NULL
10966,75072,ONCOR,NULL
10967,76365,ONCOR,NULL
10968,78615,ONCOR,NULL
10969,76084,ONCOR,NULL
10970,76639,ONCOR,NULL
10971,75790,ONCOR,NULL
10972,76673,ONCOR,NULL
10973,76621,ONCOR,NULL
10974,76177,ONCOR,NULL
10975,76259,ONCOR,NULL
10976,79739,ONCOR,NULL
10977,76049,ONCOR,NULL
10978,76539,ONCOR,NULL
10979,76064,ONCOR,NULL
10980,76009,ONCOR,NULL
10981,76066,ONCOR,NULL
10982,75247,ONCOR,NULL
10983,75426,ONCOR,NULL
10984,75028,ONCOR,NULL
10985,76458,ONCOR,NULL
10986,76040,ONCOR,NULL
10987,76654,ONCOR,NULL
10988,76044,ONCOR,NULL
10989,75102,ONCOR,NULL
10990,76367,ONCOR,NULL
10991,79331,ONCOR,NULL
10992,79760,ONCOR,NULL
10993,76664,ONCOR,NULL
10994,75802,ONCOR,NULL
10995,75173,ONCOR,NULL
10996,75409,ONCOR,NULL
10997,76431,ONCOR,NULL
10998,76305,ONCOR,NULL
10999,76693,ONCOR,NULL
11000,75496,ONCOR,NULL
11001,75033,ONCOR,NULL
11002,75207,ONCOR,NULL
11003,75791,ONCOR,NULL
11004,75486,ONCOR,NULL
11005,76862,ONCOR,NULL
11006,76872,ONCOR,NULL
11007,76682,ONCOR,NULL
11008,76055,ONCOR,NULL
11009,79783,ONCOR,NULL
11010,76446,ONCOR,NULL
11011,76569,ONCOR,NULL
11012,76442,ONCOR,NULL
11013,76059,ONCOR,NULL
11014,75148,ONCOR,NULL
11015,79743,ONCOR,NULL
11016,75155,ONCOR,NULL
11017,76050,ONCOR,NULL
11018,75495,ONCOR,NULL
11019,75040,ONCOR,NULL
11020,75143,ONCOR,NULL
11021,76640,ONCOR,NULL
11022,79789,ONCOR,NULL
11023,75246,ONCOR,NULL
11024,75401,ONCOR,NULL
11025,75235,ONCOR,NULL
11026,75459,ONCOR,NULL
11027,76247,ONCOR,NULL
11028,76823,ONCOR,NULL
11029,76534,ONCOR,NULL
11030,76624,ONCOR,NULL
11031,75470,ONCOR,NULL
11032,75446,ONCOR,NULL
11033,75474,ONCOR,NULL
11034,76054,ONCOR,NULL
11035,75833,ONCOR,NULL
11036,76233,ONCOR,NULL
11037,76540,ONCOR,NULL
11038,76073,ONCOR,NULL
11039,75433,ONCOR,NULL
11040,75117,ONCOR,NULL
11041,76424,ONCOR,NULL
11042,75152,ONCOR,NULL
11043,76670,ONCOR,NULL
11044,75094,ONCOR,NULL
11045,75477,ONCOR,NULL
11046,75009,ONCOR,NULL
11047,75839,ONCOR,NULL
11048,76228,ONCOR,NULL
11049,75439,ONCOR,NULL
11050,76877,ONCOR,NULL
11051,76871,ONCOR,NULL
11052,79749,ONCOR,NULL
11053,76932,ONCOR,NULL
11054,75943,ONCOR,NULL
11055,75166,ONCOR,NULL
11056,75114,ONCOR,NULL
11057,75452,ONCOR,NULL
11058,75778,ONCOR,NULL
11059,79719,ONCOR,NULL
11060,76454,ONCOR,NULL
11061,76527,ONCOR,NULL
11062,76651,ONCOR,NULL
11063,79758,ONCOR,NULL
11064,76041,ONCOR,NULL
11065,76524,ONCOR,NULL
11066,76676,ONCOR,NULL
11067,76366,ONCOR,NULL
11068,76648,ONCOR,NULL
11069,76270,ONCOR,NULL
11070,75764,ONCOR,NULL
11071,75132,ONCOR,NULL
11072,75153,ONCOR,NULL
11073,75861,ONCOR,NULL
11074,79777,ONCOR,NULL
11075,75937,ONCOR,NULL
11076,77590,TNMP,NULL
11077,77511,TNMP,NULL
11078,77573,TNMP,NULL
11079,75067,TNMP,NULL
11080,77568,TNMP,NULL
11081,76528,TNMP,NULL
11082,77480,TNMP,NULL
11083,76377,TNMP,NULL
11084,77515,TNMP,NULL
11085,75407,TNMP,NULL
11086,77422,TNMP,NULL
11087,75414,TNMP,NULL
11088,79735,TNMP,NULL
11089,76374,TNMP,NULL
11090,77463,TNMP,NULL
11091,77591,TNMP,NULL
11092,75435,TNMP,NULL
11093,75417,TNMP,NULL
11094,76093,TNMP,NULL
11095,76627,TNMP,NULL
11096,76652,TNMP,NULL
11097,76476,TNMP,NULL
11098,77539,TNMP,NULL
11099,76636,TNMP,NULL
11100,79772,TNMP,NULL
11101,76649,TNMP,NULL
11102,79745,TNMP,NULL
11103,75077,TNMP,NULL
11104,76457,TNMP,NULL
11105,76665,TNMP,NULL
11106,77546,TNMP,NULL
11107,75057,TNMP,NULL
11108,75491,TNMP,NULL
11109,76258,TNMP,NULL
11110,76690,TNMP,NULL
11111,77486,TNMP,NULL
11112,75416,TNMP,NULL
11113,75440,TNMP,NULL
11114,76357,TNMP,NULL
11115,76531,TNMP,NULL
11116,75490,TNMP,NULL
11117,76634,TNMP,NULL
11118,79785,TNMP,NULL
11119,76453,TNMP,NULL
11120,76043,TNMP,NULL
11121,76475,TNMP,NULL
11122,75424,TNMP,NULL
11123,76372,TNMP,NULL
11124,75453,TNMP,NULL
11125,75117,TNMP,NULL
11126,76255,TNMP,NULL
11127,75475,TNMP,NULL
11128,76689,TNMP,NULL
11129,79719,TNMP,NULL
11130,76692,TNMP,NULL
11131,76455,TNMP,NULL
11132,75436,TNMP,NULL
11133,77581,TNMP,NULL
11134,76305,TNMP,NULL
11135,76638,TNMP,NULL
11136,76271,TNMP,NULL
11137,76370,TNMP,NULL
11138,75452,TNMP,NULL
11139,76904,AEP_TNC,NULL
11140,76384,AEP_TNC,NULL
11141,76903,AEP_TNC,NULL
11142,79508,AEP_TNC,NULL
11143,76901,AEP_TNC,NULL
11144,76878,AEP_TNC,NULL
11145,79605,AEP_TNC,NULL
11146,79606,AEP_TNC,NULL
11147,79602,AEP_TNC,NULL
11148,79601,AEP_TNC,NULL
11149,79529,AEP_TNC,NULL
11150,76859,AEP_TNC,NULL
11151,79567,AEP_TNC,NULL
11152,79830,AEP_TNC,NULL
11153,76443,AEP_TNC,NULL
11154,79842,AEP_TNC,NULL
11155,76861,AEP_TNC,NULL
11156,76905,AEP_TNC,NULL
11157,79718,AEP_TNC,NULL
11158,79502,AEP_TNC,NULL
11159,79530,AEP_TNC,NULL
11160,79845,AEP_TNC,NULL
11161,79521,AEP_TNC,NULL
11162,79504,AEP_TNC,NULL
11163,79501,AEP_TNC,NULL
11164,79603,AEP_TNC,NULL
11165,79510,AEP_TNC,NULL
11166,76902,AEP_TNC,NULL
11167,79752,AEP_TNC,NULL
11168,76945,AEP_TNC,NULL
11169,76430,AEP_TNC,NULL
11170,76849,AEP_TNC,NULL
11171,79744,AEP_TNC,NULL
11172,79781,AEP_TNC,NULL
11173,76437,AEP_TNC,NULL
11174,79227,AEP_TNC,NULL
11175,76943,AEP_TNC,NULL
11176,76471,AEP_TNC,NULL
11177,79506,AEP_TNC,NULL
11178,76935,AEP_TNC,NULL
11179,79252,AEP_TNC,NULL
11180,79547,AEP_TNC,NULL
11181,76932,AEP_TNC,NULL
11182,79370,AEP_TNC,NULL
11183,76857,AEP_TNC,NULL
11184,76464,AEP_TNC,NULL
11185,76373,AEP_TNC,NULL
11186,79244,AEP_TNC,NULL
11187,76934,AEP_TNC,NULL
11188,79536,AEP_TNC,NULL
11189,76958,AEP_TNC,NULL
11190,79525,AEP_TNC,NULL
11191,79562,AEP_TNC,NULL
11192,79743,AEP_TNC,NULL
11193,79548,AEP_TNC,NULL
11194,76837,AEP_TNC,NULL
11195,76469,AEP_TNC,NULL
11196,79553,AEP_TNC,NULL
11197,76936,AEP_TNC,NULL
11198,76933,AEP_TNC,NULL
11199,79566,AEP_TNC,NULL
11200,76821,AEP_TNC,NULL
11201,79528,AEP_TNC,NULL
11202,76957,AEP_TNC,NULL
11203,76951,AEP_TNC,NULL
11204,79843,AEP_TNC,NULL
11205,76363,AEP_TNC,NULL
11206,76950,AEP_TNC,NULL
11207,79543,AEP_TNC,NULL
11208,79248,AEP_TNC,NULL
11209,79546,AEP_TNC,NULL
11210,76875,AEP_TNC,NULL
11211,76930,AEP_TNC,NULL
11212,79201,AEP_TNC,NULL
11213,79520,AEP_TNC,NULL
11214,76360,AEP_TNC,NULL
11215,78548,AEP_TCC,NULL
11216,78405,AEP_TCC,NULL
11217,78411,AEP_TCC,NULL
11218,78415,AEP_TCC,NULL
11219,78041,AEP_TCC,NULL
11220,78332,AEP_TCC,NULL
11221,78801,AEP_TCC,NULL
11222,78840,AEP_TCC,NULL
11223,78550,AEP_TCC,NULL
11224,78407,AEP_TCC,NULL
11225,77951,AEP_TCC,NULL
11226,78374,AEP_TCC,NULL
11227,78046,AEP_TCC,NULL
11228,78503,AEP_TCC,NULL
11229,78580,AEP_TCC,NULL
11230,78416,AEP_TCC,NULL
11231,78410,AEP_TCC,NULL
11232,78022,AEP_TCC,NULL
11233,78572,AEP_TCC,NULL
11234,78401,AEP_TCC,NULL
11235,78539,AEP_TCC,NULL
11236,78559,AEP_TCC,NULL
11237,78043,AEP_TCC,NULL
11238,78582,AEP_TCC,NULL
11239,78834,AEP_TCC,NULL
11240,78045,AEP_TCC,NULL
11241,78146,AEP_TCC,NULL
11242,77904,AEP_TCC,NULL
11243,78579,AEP_TCC,NULL
11244,78537,AEP_TCC,NULL
11245,78014,AEP_TCC,NULL
11246,78860,AEP_TCC,NULL
11247,78560,AEP_TCC,NULL
11248,78541,AEP_TCC,NULL
11249,78370,AEP_TCC,NULL
11250,78368,AEP_TCC,NULL
11251,78102,AEP_TCC,NULL
11252,78414,AEP_TCC,NULL
11253,78586,AEP_TCC,NULL
11254,78521,AEP_TCC,NULL
11255,78363,AEP_TCC,NULL
11256,78573,AEP_TCC,NULL
11257,77901,AEP_TCC,NULL
11258,78417,AEP_TCC,NULL
11259,78418,AEP_TCC,NULL
11260,78382,AEP_TCC,NULL
11261,78543,AEP_TCC,NULL
11262,78566,AEP_TCC,NULL
11263,77434,AEP_TCC,NULL
11264,78377,AEP_TCC,NULL
11265,78501,AEP_TCC,NULL
11266,78362,AEP_TCC,NULL
11267,78516,AEP_TCC,NULL
11268,78872,AEP_TCC,NULL
11269,78375,AEP_TCC,NULL
11270,78570,AEP_TCC,NULL
11271,78413,AEP_TCC,NULL
11272,78390,AEP_TCC,NULL
11273,78552,AEP_TCC,NULL
11274,78593,AEP_TCC,NULL
11275,78065,AEP_TCC,NULL
11276,78577,AEP_TCC,NULL
11277,77414,AEP_TCC,NULL
11278,78574,AEP_TCC,NULL
11279,78071,AEP_TCC,NULL
11280,78578,AEP_TCC,NULL
11281,78380,AEP_TCC,NULL
11282,78852,AEP_TCC,NULL
11283,78598,AEP_TCC,NULL
11284,78119,AEP_TCC,NULL
11285,78596,AEP_TCC,NULL
11286,78504,AEP_TCC,NULL
11287,77979,AEP_TCC,NULL
11288,77457,AEP_TCC,NULL
11289,78076,AEP_TCC,NULL
11290,78040,AEP_TCC,NULL
11291,78526,AEP_TCC,NULL
11292,78547,AEP_TCC,NULL
11293,78336,AEP_TCC,NULL
11294,78361,AEP_TCC,NULL
11295,78520,AEP_TCC,NULL
11296,77465,AEP_TCC,NULL
11297,78064,AEP_TCC,NULL
11298,78383,AEP_TCC,NULL
11299,78384,AEP_TCC,NULL
11300,78538,AEP_TCC,NULL
11301,78373,AEP_TCC,NULL
11302,78592,AEP_TCC,NULL
11303,78404,AEP_TCC,NULL
11304,78583,AEP_TCC,NULL
11305,78595,AEP_TCC,NULL
11306,78408,AEP_TCC,NULL
11307,77957,AEP_TCC,NULL
11308,77437,AEP_TCC,NULL
11309,78542,AEP_TCC,NULL
11310,78584,AEP_TCC,NULL
11311,77483,AEP_TCC,NULL
11312,78599,AEP_TCC,NULL
11313,78343,AEP_TCC,NULL
11314,78409,AEP_TCC,NULL
11315,78412,AEP_TCC,NULL
11316,78557,AEP_TCC,NULL
11317,78026,AEP_TCC,NULL
11318,77963,AEP_TCC,NULL
11319,78061,AEP_TCC,NULL
11320,78355,AEP_TCC,NULL
11321,77978,AEP_TCC,NULL
11322,78576,AEP_TCC,NULL
11323,78648,AEP_TCC,NULL
11324,78597,AEP_TCC,NULL
11325,78562,AEP_TCC,NULL
11326,78349,AEP_TCC,NULL
11327,77962,AEP_TCC,NULL
11328,78376,AEP_TCC,NULL
11329,78589,AEP_TCC,NULL
11330,78934,AEP_TCC,NULL
11331,78016,AEP_TCC,NULL
11332,78140,AEP_TCC,NULL
11333,78387,AEP_TCC,NULL
11334,78151,AEP_TCC,NULL
11335,78118,AEP_TCC,NULL
11336,78839,AEP_TCC,NULL
11337,78558,AEP_TCC,NULL
11338,78594,AEP_TCC,NULL
11339,78052,AEP_TCC,NULL
11340,78535,AEP_TCC,NULL
11341,77345,CENTERPOINT,NULL
11342,77094,CENTERPOINT,NULL
11343,77468,CENTERPOINT,NULL
11344,77046,CENTERPOINT,NULL
11345,77316,CENTERPOINT,NULL
11346,77547,CENTERPOINT,NULL
11347,75261,ONCOR,NULL
11348,75251,ONCOR,NULL
11349,76071,ONCOR,NULL
11350,75431,ONCOR,NULL
11351,75780,ONCOR,NULL
11352,75135,ONCOR,NULL
11353,79755,ONCOR,NULL
11354,76035,ONCOR,NULL
11355,76681,ONCOR,NULL
11356,76226,ONCOR,NULL
11357,78717,ONCOR,NULL
11358,77865,ONCOR,NULL
11359,75437,ONCOR,NULL
11360,78653,ONCOR,NULL
11361,75423,TNMP,NULL
11362,76472,TNMP,NULL
11363,75434,TNMP,NULL
11364,75489,TNMP,NULL
11365,76460,TNMP,NULL
11366,76077,TNMP,NULL
11367,75468,TNMP,NULL
11368,79777,TNMP,NULL
11369,76227,TNMP,NULL
11370,75472,TNMP,NULL
11371,76251,TNMP,NULL
11372,76048,TNMP,NULL
11373,79261,AEP_TNC,NULL
11374,79734,AEP_TNC,NULL
11375,79560,AEP_TNC,NULL
11376,79561,AEP_TNC,NULL
11377,79225,AEP_TNC,NULL
11378,79539,AEP_TNC,NULL
11379,78873,AEP_TCC,NULL
11380,78393,AEP_TCC,NULL
11381,77993,AEP_TCC,NULL
11382,78406,AEP_TCC,NULL
11383,78575,AEP_TCC,NULL
11384,78060,AEP_TCC,NULL
11385,78357,AEP_TCC,NULL
11386,78164,AEP_TCC,NULL
11387,77905,AEP_TCC,NULL
11388,78830,AEP_TCC,NULL
11389,78569,AEP_TCC,NULL
11390,78012,AEP_TCC,NULL
11391,78549,AEP_TCC,NULL
11392,78358,AEP_TCC,NULL
11393,78011,AEP_TCC,NULL
11394,78369,AEP_TCC,NULL
11395,78359,AEP_TCC,NULL
11396,78067,AEP_TCC,NULL
11397,78832,AEP_TCC,NULL
11398,78565,AEP_TCC,NULL
11399,78059,AEP_TCC,NULL
11400,78402,AEP_TCC,NULL
11401,78877,AEP_TCC,NULL
11402,78017,AEP_TCC,NULL
11403,77456,AEP_TCC,NULL
11404,78372,AEP_TCC,NULL
11405,78880,AEP_TCC,NULL
11406,78159,AEP_TCC,NULL
11407,77983,AEP_TCC,NULL
11408,78341,AEP_TCC,NULL
11409,78371,AEP_TCC,NULL
11410,77419,AEP_TCC,NULL
11411,78833,AEP_TCC,NULL
11412,78330,AEP_TCC,NULL
11413,77458,AEP_TCC,NULL
11414,78827,AEP_TCC,NULL
11415,78881,AEP_TCC,NULL
11416,77486,CENTERPOINT,NULL
11417,77010,CENTERPOINT,NULL
11418,77480,CENTERPOINT,NULL
11419,77418,CENTERPOINT,NULL
11420,77573,CENTERPOINT,NULL
11421,77385,CENTERPOINT,NULL
11422,76252,ONCOR,NULL
11423,75161,ONCOR,NULL
11424,76518,ONCOR,NULL
11425,76858,ONCOR,NULL
11426,75479,ONCOR,NULL
11427,76641,ONCOR,NULL
11428,76432,ONCOR,NULL
11429,75851,ONCOR,NULL
11430,75438,ONCOR,NULL
11431,75422,ONCOR,NULL
11432,75710,ONCOR,NULL
11433,75067,ONCOR,NULL
11434,79532,ONCOR,NULL
11435,76633,ONCOR,NULL
11436,76656,ONCOR,NULL
11437,75849,ONCOR,NULL
11438,76660,ONCOR,NULL
11439,76227,ONCOR,NULL
11440,76556,ONCOR,NULL
11441,75058,ONCOR,NULL
11442,79351,ONCOR,NULL
11443,79704,ONCOR,NULL
11444,75157,ONCOR,NULL
11445,76631,ONCOR,NULL
11446,75976,ONCOR,NULL
11447,76671,TNMP,NULL
11448,79848,TNMP,NULL
11449,75442,TNMP,NULL
11450,76265,TNMP,NULL
11451,75485,TNMP,NULL
11452,76939,AEP_TNC,NULL
11453,79563,AEP_TNC,NULL
11454,76872,AEP_TNC,NULL
11455,79831,AEP_TNC,NULL
11456,79832,AEP_TNC,NULL
11457,79778,AEP_TNC,NULL
11458,76941,AEP_TNC,NULL
11459,79780,AEP_TNC,NULL
11460,78019,AEP_TCC,NULL
11461,78162,AEP_TCC,NULL
11462,78379,AEP_TCC,NULL
11463,78142,AEP_TCC,NULL
11464,78107,AEP_TCC,NULL
11465,78353,AEP_TCC,NULL
11466,77950,AEP_TCC,NULL
11467,77460,AEP_TCC,NULL
11468,78389,AEP_TCC,NULL
11469,78050,AEP_TCC,NULL
11470,78352,AEP_TCC,NULL
11471,78340,AEP_TCC,NULL
11472,77434,CENTERPOINT,NULL
11473,76804,ONCOR,NULL
11474,76687,ONCOR,NULL
11475,76544,ONCOR,NULL
11476,79741,ONCOR,NULL
11477,79702,ONCOR,NULL
11478,76837,ONCOR,NULL
11479,76508,ONCOR,NULL
11480,76472,ONCOR,NULL
11481,75402,ONCOR,NULL
11482,79730,ONCOR,NULL
11483,78680,ONCOR,NULL
11484,76564,ONCOR,NULL
11485,76209,ONCOR,NULL
11486,76890,ONCOR,NULL
11487,76272,ONCOR,NULL
11488,76626,ONCOR,NULL
11489,75164,ONCOR,NULL
11490,79742,ONCOR,NULL
11491,79565,ONCOR,NULL
11492,79733,ONCOR,NULL
11493,79713,ONCOR,NULL
11494,79759,ONCOR,NULL
11495,75654,ONCOR,NULL
11496,75101,ONCOR,NULL
11497,75469,ONCOR,NULL
11498,75481,ONCOR,NULL
11499,75859,ONCOR,NULL
11500,76679,ONCOR,NULL
11501,76445,ONCOR,NULL
11502,76632,ONCOR,NULL
11503,75850,ONCOR,NULL
11504,76436,TNMP,NULL
11505,76427,TNMP,NULL
11506,75487,TNMP,NULL
11507,75462,TNMP,NULL
11508,76261,TNMP,NULL
11509,79255,AEP_TNC,NULL
11510,76865,AEP_TNC,NULL
11511,76858,AEP_TNC,NULL
11512,79544,AEP_TNC,NULL
11513,76483,AEP_TNC,NULL
11514,79534,AEP_TNC,NULL
11515,76388,AEP_TNC,NULL
11516,77442,AEP_TCC,NULL
11517,78870,AEP_TCC,NULL
11518,77977,AEP_TCC,NULL
11519,78391,AEP_TCC,NULL
11520,78339,AEP_TCC,NULL
11521,78943,AEP_TCC,NULL
11522,78141,AEP_TCC,NULL
11523,78057,AEP_TCC,NULL
11524,78351,AEP_TCC,NULL
11525,78344,AEP_TCC,NULL
11526,78070,AEP_TCC,NULL
11527,78638,AEP_TCC,NULL
11528,77422,CENTERPOINT,NULL
11529,75476,ONCOR,NULL
11530,75415,ONCOR,NULL
11531,76435,ONCOR,NULL
11532,76852,ONCOR,NULL
11533,75449,ONCOR,NULL
11534,76848,ONCOR,NULL
11535,76207,ONCOR,NULL
11536,79754,ONCOR,NULL
11537,75855,ONCOR,NULL
11538,78633,ONCOR,NULL
11539,76486,ONCOR,NULL
11540,76463,TNMP,NULL
11541,79730,TNMP,NULL
11542,79788,TNMP,NULL
11543,76070,TNMP,NULL
11544,75413,TNMP,NULL
11545,79505,AEP_TNC,NULL
11546,79234,AEP_TNC,NULL
11547,76937,AEP_TNC,NULL
11548,79229,AEP_TNC,NULL
11549,79541,AEP_TNC,NULL
11550,76371,AEP_TNC,NULL
11551,77440,AEP_TCC,NULL
11552,77455,AEP_TCC,NULL
11553,78568,AEP_TCC,NULL
11554,77990,AEP_TCC,NULL
11555,78540,AEP_TCC,NULL
11556,78567,AEP_TCC,NULL
11557,77445,CENTERPOINT,NULL
11558,75497,ONCOR,NULL
11559,76264,ONCOR,NULL
11560,78650,ONCOR,NULL
11561,79527,ONCOR,NULL
11562,76638,ONCOR,NULL
11563,75667,ONCOR,NULL
11564,79526,ONCOR,NULL
11565,75495,TNMP,NULL
11566,75412,TNMP,NULL
11567,75019,TNMP,NULL
11568,79220,AEP_TNC,NULL
11569,79731,AEP_TNC,NULL
11570,76828,AEP_TNC,NULL
11571,77994,AEP_TCC,NULL
11572,78116,AEP_TCC,NULL
11573,78588,AEP_TCC,NULL
11574,78836,AEP_TCC,NULL
11575,77968,AEP_TCC,NULL
11576,79788,ONCOR,NULL
11577,76844,ONCOR,NULL
11578,76268,ONCOR,NULL
11579,79745,ONCOR,NULL
11580,75420,ONCOR,NULL
11581,75770,ONCOR,NULL
11582,75421,ONCOR,NULL
11583,76623,ONCOR,NULL
11584,79247,AEP_TNC,NULL
11585,79533,AEP_TNC,NULL
11586,78837,AEP_TCC,NULL
11587,78122,AEP_TCC,NULL
11588,76630,ONCOR,NULL
11589,75550,ONCOR,NULL
11590,76490,ONCOR,NULL
11591,76253,ONCOR,NULL
11592,76450,TNMP,NULL
11593,76433,TNMP,NULL
11594,76050,TNMP,NULL
11595,79503,AEP_TNC,NULL
11596,78644,AEP_TCC,NULL
11597,79256,AEP_TNC,NULL
11598,78828,AEP_TCC,NULL
11599,77555,CENTERPOINT,NULL
11600,76561,ONCOR,NULL
11601,76686,ONCOR,NULL
11602,76519,ONCOR,NULL
11603,79712,ONCOR,NULL
11604,75056,TNMP,NULL
11605,76491,AEP_TNC,NULL
11606,78629,AEP_TCC,NULL
11607,76859,ONCOR,NULL
11608,75140,ONCOR,NULL
11609,76941,ONCOR,NULL
11610,75138,ONCOR,NULL
11611,76511,ONCOR,NULL
11612,76951,ONCOR,NULL
11613,76380,ONCOR,NULL
11614,79846,AEP_TNC,NULL
11615,79604,AEP_TNC,NULL
11616,78604,AEP_TCC,NULL
11617,78145,AEP_TCC,NULL
11618,78005,AEP_TCC,NULL
11619,75185,ONCOR,NULL
11620,75832,ONCOR,NULL
11621,76702,ONCOR,NULL
11622,76887,ONCOR,NULL
11623,76884,AEP_TNC,NULL
11624,76940,AEP_TNC,NULL
11625,77580,CENTERPOINT,NULL
11626,75398,ONCOR,NULL
11627,76484,ONCOR,NULL
11628,76882,AEP_TNC,NULL
11629,77451,CENTERPOINT,NULL
11630,76836,ONCOR,NULL
11631,79721,ONCOR,NULL
11632,75554,ONCOR,NULL
11633,77481,CENTERPOINT,NULL
11634,77476,CENTERPOINT,NULL
11635,77437,CENTERPOINT,NULL
11636,77356,CENTERPOINT,NULL
11637,77464,CENTERPOINT,NULL
11638,77201,CENTERPOINT,NULL
11639,77229,CENTERPOINT,NULL
11640,77591,CENTERPOINT,NULL
11641,77448,CENTERPOINT,NULL
11642,77381,CENTERPOINT,NULL
11643,77267,CENTERPOINT,NULL
11644,77590,CENTERPOINT,NULL
11645,77501,CENTERPOINT,NULL
11646,77549,CENTERPOINT,NULL
11647,77487,CENTERPOINT,NULL
11648,77460,CENTERPOINT,NULL
11649,77414,CENTERPOINT,NULL
11650,76503,ONCOR,NULL
11651,75381,ONCOR,NULL
11652,75151,ONCOR,NULL
11653,75712,ONCOR,NULL
11654,75711,ONCOR,NULL
11655,76680,ONCOR,NULL
11656,75447,ONCOR,NULL
11657,75011,ONCOR,NULL
11658,75448,ONCOR,NULL
11659,76311,ONCOR,NULL
11660,76273,ONCOR,NULL
11661,76703,ONCOR,NULL
11662,75441,ONCOR,NULL
11663,75424,ONCOR,NULL
11664,75458,ONCOR,NULL
11665,79535,ONCOR,NULL
11666,79778,ONCOR,NULL
11667,75046,ONCOR,NULL
11668,78628,ONCOR,NULL
11669,76864,ONCOR,NULL
11670,76685,ONCOR,NULL
11671,75414,ONCOR,NULL
11672,75779,ONCOR,NULL
11673,76437,ONCOR,NULL
11674,79772,ONCOR,NULL
11675,76692,ONCOR,NULL
11676,75853,ONCOR,NULL
11677,78691,ONCOR,NULL
11678,79711,ONCOR,NULL
11679,76205,ONCOR,NULL
11680,76666,ONCOR,NULL
11681,75488,ONCOR,NULL
11682,76307,ONCOR,NULL
11683,75782,ONCOR,NULL
11684,76934,ONCOR,NULL
11685,76671,ONCOR,NULL
11686,76048,ONCOR,NULL
11687,76129,ONCOR,NULL
11688,76481,ONCOR,NULL
11689,75461,ONCOR,NULL
11690,75903,ONCOR,NULL
11691,75015,ONCOR,NULL
11692,79776,ONCOR,NULL
11693,75083,ONCOR,NULL
11694,78572,ONCOR,NULL
11695,75099,ONCOR,NULL
11696,75799,ONCOR,NULL
11697,78608,ONCOR,NULL
11698,78503,ONCOR,NULL
11699,79708,ONCOR,NULL
11700,76475,ONCOR,NULL
11701,76678,ONCOR,NULL
11702,76512,ONCOR,NULL
11703,78727,ONCOR,NULL
11704,78729,ONCOR,NULL
11705,75773,ONCOR,NULL
11706,76201,ONCOR,NULL
11707,75127,ONCOR,NULL
11708,77414,ONCOR,NULL
11709,79709,ONCOR,NULL
11710,76714,ONCOR,NULL
11711,78723,ONCOR,NULL
11712,76165,ONCOR,NULL
11713,79543,ONCOR,NULL
11714,75902,ONCOR,NULL
11715,75077,ONCOR,NULL
11716,76429,ONCOR,NULL
11717,76650,ONCOR,NULL
11718,76379,ONCOR,NULL
11719,76878,ONCOR,NULL
11720,76427,ONCOR,NULL
11721,78745,ONCOR,NULL
11722,76304,ONCOR,NULL
11723,78750,ONCOR,NULL
11724,75121,ONCOR,NULL
11725,78163,ONCOR,NULL
11726,76127,ONCOR,NULL
11727,76628,ONCOR,NULL
11728,75158,ONCOR,NULL
11729,79710,ONCOR,NULL
11730,76267,ONCOR,NULL
11731,79097,ONCOR,NULL
11732,75935,ONCOR,NULL
11733,75242,ONCOR,NULL
11734,75798,ONCOR,NULL
11735,77845,ONCOR,NULL
11736,79068,ONCOR,NULL
11737,76178,ONCOR,NULL
11738,75962,ONCOR,NULL
11739,75091,ONCOR,NULL
11740,75404,ONCOR,NULL
11741,76161,ONCOR,NULL
11742,78501,ONCOR,NULL
11743,76466,ONCOR,NULL
11744,76004,ONCOR,NULL
11745,77586,ONCOR,NULL
11746,75239,ONCOR,NULL
11747,76505,ONCOR,NULL
11748,78657,ONCOR,NULL
11749,75963,ONCOR,NULL
11750,76068,ONCOR,NULL
11751,77871,ONCOR,NULL
11752,76098,ONCOR,NULL
11753,75057,ONCOR,NULL
11754,79039,ONCOR,NULL
11755,76136,ONCOR,NULL
11756,75036,ONCOR,NULL
11757,76460,ONCOR,NULL
11758,75884,ONCOR,NULL
11759,78759,ONCOR,NULL
11760,78758,ONCOR,NULL
11761,79124,ONCOR,NULL
11762,76459,TNMP,NULL
11763,76055,TNMP,NULL
11764,75409,TNMP,NULL
11765,76538,TNMP,NULL
11766,76481,TNMP,NULL
11767,76458,TNMP,NULL
11768,76657,TNMP,NULL
11769,77588,TNMP,NULL
11770,79789,TNMP,NULL
11771,77584,TNMP,NULL
11772,76442,TNMP,NULL
11773,76596,TNMP,NULL
11774,75029,TNMP,NULL
11775,76566,TNMP,NULL
11776,79752,TNMP,NULL
11777,76629,TNMP,NULL
11778,76886,AEP_TNC,NULL
11779,79243,AEP_TNC,NULL
11780,79698,AEP_TNC,NULL
11781,79854,AEP_TNC,NULL
11782,76866,AEP_TNC,NULL
11783,76364,AEP_TNC,NULL
11784,79518,AEP_TNC,NULL
11785,79540,AEP_TNC,NULL
11786,76909,AEP_TNC,NULL
11787,76906,AEP_TNC,NULL
11788,79608,AEP_TNC,NULL
11789,79607,AEP_TNC,NULL
11790,76380,AEP_TNC,NULL
11791,78370,AEP_TNC,NULL
11792,76908,AEP_TNC,NULL
11793,76801,AEP_TNC,NULL
11794,79755,AEP_TNC,NULL
11795,78718,AEP_TNC,NULL
11796,76825,AEP_TNC,NULL
11797,78606,AEP_TNC,NULL
11798,78852,AEP_TNC,NULL
11799,78504,AEP_TNC,NULL
11800,79512,AEP_TNC,NULL
11801,78935,AEP_TCC,NULL
11802,78843,AEP_TCC,NULL
11803,75883,AEP_TCC,NULL
11804,78104,AEP_TCC,NULL
11805,77971,AEP_TCC,NULL
11806,78850,AEP_TCC,NULL
11807,78335,AEP_TCC,NULL
11808,78419,AEP_TCC,NULL
11809,77538,AEP_TCC,NULL
11810,78522,AEP_TCC,NULL
11811,78475,AEP_TCC,NULL
11812,78505,AEP_TCC,NULL
11813,78523,AEP_TCC,NULL
11814,78551,AEP_TCC,NULL
11815,78841,AEP_TCC,NULL
11816,77995,AEP_TCC,NULL
11817,78478,AEP_TCC,NULL
11818,78590,AEP_TCC,NULL